Species,Visit_ID,Survey,Lake,Station,MaxOfReplicate,AvgDens,MinAvgDens,MaxAvgDens,AvgBmss_mg,MinAvgBmss,MaxAvgBmss,AvgOfLatitude,AvgOfLongitude,Station_Depth_m,Year_,Date_Visit,Season,DayNite,AvgOfAvL,MinOfAvL,MaxOfAvL,AvgOfAVW,MinOfAVW,MaxOfAVW
MYSDILU,E15051JMN,CSMI2015,Michigan,JosMid,1,3.819709702,3.819709702,3.819709702,0.662129718,0.662129718,0.662129718,42.21533333,-86.64133333,46,2015,5/21/2015,Spring,Night,3.706666667,3.706666667,3.706666667,173.3455601,173.3455601,173.3455601
MYSDILU,E15051JON,CSMI2015,Michigan,JosOff,1,98.03921569,98.03921569,98.03921569,178.6820794,178.6820794,178.6820794,42.26725,-86.79975,107,2015,5/20/2015,Spring,Night,6.988961039,6.988961039,6.988961039,1822.557209,1822.557209,1822.557209
MYSDILU,E15051RON,CSMI2015,Michigan,RacOff,1,43.29004329,43.29004329,43.29004329,94.7683539,94.7683539,94.7683539,42.6575,-87.5075,88,2015,5/19/2015,Spring,Night,8.003823529,8.003823529,8.003823529,2189.148975,2189.148975,2189.148975
MYSDILU,E15051SNN,CSMI2015,Michigan,SauNsh,1,1.273236567,1.273236567,1.273236567,0.161346235,0.161346235,0.161346235,42.694,-86.25233333,20,2015,5/21/2015,Spring,Night,3.36,3.36,3.36,126.7213332,126.7213332,126.7213332
MYSDILU,E15051SON,CSMI2015,Michigan,SauOff,1,56.02240896,56.02240896,56.02240896,113.6429395,113.6429395,113.6429395,42.70875,-86.706,107,2015,5/22/2015,Spring,Night,7.45,7.45,7.45,2028.52647,2028.52647,2028.52647
MYSDILU,E15071JON,CSMI2015,Michigan,JosOff,1,106.9518717,106.9518717,106.9518717,235.4650661,235.4650661,235.4650661,42.26725,-86.79975,106,2015,7/10/2015,Summer,Night,7.9975,7.9975,7.9975,2201.598368,2201.598368,2201.598368
MYSDILU,E15071RMN,CSMI2015,Michigan,RacMid,1,75.12095747,75.12095747,75.12095747,41.21493522,41.21493522,41.21493522,42.64666667,-87.6345,51.5,2015,7/9/2015,Summer,Night,5.118983051,5.118983051,5.118983051,548.6476292,548.6476292,548.6476292
MYSDILU,E15071RON,CSMI2015,Michigan,RacOff,1,20.37178508,20.37178508,20.37178508,25.37679463,25.37679463,25.37679463,42.6575,-87.5075,88,2015,7/8/2015,Summer,Night,6.04375,6.04375,6.04375,1245.683406,1245.683406,1245.683406
MYSDILU,E15071SON,CSMI2015,Michigan,SauOff,1,131.1433664,131.1433664,131.1433664,254.2704546,254.2704546,254.2704546,42.70875,-86.706,106,2015,7/11/2015,Summer,Night,7.364660194,7.364660194,7.364660194,1938.873933,1938.873933,1938.873933
MYSDILU,E15071WON,CSMI2015,Michigan,WauOff,1,141.329259,141.329259,141.329259,306.8552349,306.8552349,306.8552349,42.458,-87.50175,89.4,2015,7/6/2015,Summer,Night,7.629459459,7.629459459,7.629459459,2171.208121,2171.208121,2171.208121
MYSDILU,E15091RMN,CSMI2015,Michigan,RacMid,1,128.5968933,128.5968933,128.5968933,257.882415,257.882415,257.882415,42.64666667,-87.6345,51.7,2015,9/11/2015,Fall,Night,8.046732673,8.046732673,8.046732673,2005.354938,2005.354938,2005.354938
MYSDILU,E15091RNN,CSMI2015,Michigan,RacNsh,1,1.273236567,1.273236567,1.273236567,0.292223736,0.292223736,0.292223736,42.72066667,-87.6955,22.6,2015,9/10/2015,Fall,Night,4.18,4.18,4.18,229.5125221,229.5125221,229.5125221
MYSDILU,E15091RON,CSMI2015,Michigan,RacOff,1,154.0616246,154.0616246,154.0616246,264.0252228,264.0252228,264.0252228,42.6575,-87.5075,88,2015,9/10/2015,Fall,Night,7.485619835,7.485619835,7.485619835,1713.763719,1713.763719,1713.763719
MYSDILU,E15091SMN,CSMI2015,Michigan,SauMid,1,87.85332315,87.85332315,87.85332315,218.3868095,218.3868095,218.3868095,42.69466667,-86.31716667,45.7,2015,9/13/2015,Fall,Night,8.734202899,8.734202899,8.734202899,2485.811597,2485.811597,2485.811597
MYSDILU,E15091SNN,CSMI2015,Michigan,SauNsh,1,6.366182837,6.366182837,6.366182837,2.175992703,2.175992703,2.175992703,42.694,-86.25233333,20.3,2015,9/14/2015,Fall,Night,4.73,4.73,4.73,341.8049338,341.8049338,341.8049338
MYSDILU,E15091SON,CSMI2015,Michigan,SauOff,1,100.5856888,100.5856888,100.5856888,176.0902113,176.0902113,176.0902113,42.70875,-86.706,106,2015,9/14/2015,Fall,Night,7.736202532,7.736202532,7.736202532,1750.648759,1750.648759,1750.648759
MYSDILU,M011A21,Spring_2021,Michigan,MI11,2,55.38579068,52.20269926,58.5688821,137.4545207,126.3212441,148.5877972,42.38206,-87.0005,129.8,2021,4/3/2021,Spring,Night,7.353121895,7.333548139,7.372695652,2478.398603,2419.822077,2536.975129
MYSDILU,M011G07,Summer_2007,Michigan,MI11,2,106.5,71,142,191.9264212,153.9817278,229.8711145,42.38267,-87.00017,126.5,2007,8/2/2007,Summer,Night,7.881995775,7.359859155,8.404132394,1893.783698,1618.810666,2168.756729
MYSDILU,M011G09,Summer_2009,Michigan,MI11,2,119,75,163,248.7509957,232.0023184,265.4996729,42.384,-86.999333,128.4,2009,8/5/2009,Summer,Night,8.860368098,7.760736196,9.96,2361.098297,1628.832349,3093.364246
MYSDILU,M011G10,Summer_2010,Michigan,MI11,2,220.5,196,245,372.326853,360.2841428,384.3695633,42.382767,-87.001233,123,2010,8/2/2010,Summer,Night,7.641581633,7.232653061,8.050510204,1715.808361,1470.547521,1961.069201
MYSDILU,M011G12,Summer_2012,Michigan,MI11,2,176.3432646,173.1601732,179.526356,526.4882029,508.0103156,544.9660901,42.384,-86.999,127.2,2012,8/1/2012,Summer,Night,9.265042151,9.170053473,9.360030829,2984.668322,2933.759573,3035.577072
MYSDILU,M011G13,Summer_2013,Michigan,MI11,2,181.4362108,178.2531194,184.6193023,396.1076743,282.3870373,509.8283112,42.38385,-87.000283,124,2013,8/2/2013,Summer,Night,8.001603445,7.23595131,8.767255581,2194.85041,1529.563994,2860.136826
MYSDILU,M011G14,Summer_2014,Michigan,MI11,2,194.8051948,192.2587217,197.3516679,264.5875121,254.82086,274.3541642,42.383317,-86.999683,126.2,2014,8/7/2014,Summer,Night,6.761994414,6.660795693,6.863193134,1357.792542,1325.405983,1390.179101
MYSDILU,M011G15,Summer_2015,Michigan,MI11,2,209.4474153,201.1713776,217.723453,306.2493541,292.4775244,320.0211838,42.383417,-87.0003,121,2015,8/4/2015,Summer,Night,6.774423956,6.483706939,7.065140974,1467.066492,1343.344138,1590.788846
MYSDILU,M011G16,Summer_2016,Michigan,MI11,2,223.4530176,211.3572702,235.548765,433.5056684,421.5748378,445.436499,42.383733,-86.999617,129,2016,8/2/2016,Summer,Night,7.630697655,7.530327161,7.73106815,1942.833108,1891.058521,1994.607696
MYSDILU,M011G19,Summer_2019,Michigan,MI11,2,65.57168322,58.5688821,72.57448434,95.33108964,83.34503945,107.3171398,42.38346833,-87.00002,129,2019,8/2/2019,Summer,Night,6.676316601,6.480869565,6.871763636,1450.871589,1423.025956,1478.717222
MYSDILU,M011M08,Spring_2008,Michigan,MI11,3,36,17,66,110.1992993,40.50634665,192.4800537,42.3835,-87.000167,128.5,2008,4/15/2008,Spring,Night,9.444291558,8.538811765,10.646472,3067.850208,2382.726273,3904.459898
MYSDILU,M011M10,Spring_2010,Michigan,MI11,2,64,64,64,131.1279156,118.4294457,143.8263856,42.383583,-86.999933,132,2010,4/2/2010,Spring,Night,8.4171875,8.159375,8.675,2048.873682,1850.460088,2247.287275
MYSDILU,M011S21,Summer_2021,Michigan,MI11,2,132.416603,131.1433664,133.6898396,277.9856713,275.0008098,280.9705328,42.38315,-87.01648,128.7,2021,9/4/2021,Summer,Night,8.348176553,8.29789,8.398463107,2099.737284,2057.006057,2142.46851
MYSDILU,M017G08,Summer_2008,Michigan,MI17,2,109,108,110,272.6509683,250.9012257,294.400711,42.733333,-87.416667,101.1,2008,8/2/2008,Summer,Night,8.496111111,8.17,8.822222222,2503.426371,2280.920234,2725.932509
MYSDILU,M017M12,Spring_2012,Michigan,MI17,2,72.57448434,66.2083015,78.94066718,160.3105102,151.3600747,169.2609456,42.733483,-87.41675,101.2,2012,4/1/2012,Spring,Day,7.850596221,7.771024843,7.930167599,2215.136631,2144.153979,2286.119282
MYSDILU,M019A19,Spring_2019,Michigan,MI19,2,7.00280112,2.546473135,11.45912911,24.52531559,5.068179687,43.9824515,42.73313333,-86.58363833,93,2019,4/4/2019,Spring,Night,10.30583333,9.234,11.37766667,2914.238048,1990.274163,3838.201934
MYSDILU,M019G06,Summer_2006,Michigan,MI19,3,79,71,86,130.5879564,115.3765152,141.1951879,42.733167,-86.584667,90.4,2006,8/3/2006,Summer,Night,7.568111872,6.972155143,7.892459375,1670.214084,1341.587386,1904.115016
MYSDILU,M019G09,Summer_2009,Michigan,MI19,2,126,118,134,163.6977942,158.0396508,169.3559376,42.7335,-86.583167,90.4,2009,8/5/2009,Summer,Night,7.05821528,6.985074627,7.131355932,1301.584678,1263.850281,1339.319075
MYSDILU,M019G10,Summer_2010,Michigan,MI19,2,93.5,93,94,133.7857376,128.9034857,138.6679895,42.73145,-86.5835,87.5,2010,8/2/2010,Summer,Night,7.544314802,7.457446809,7.631182796,1431.183664,1371.313678,1491.053651
MYSDILU,M019G11,Summer_2011,Michigan,MI19,2,99.5,99,100,206.9405814,174.2861944,239.5949685,42.734,-86.582,90.5,2011,8/3/2011,Summer,Night,8.198737374,7.647474747,8.75,2078.208147,1760.46661,2395.949685
MYSDILU,M019G12,Summer_2012,Michigan,MI19,2,40.74357016,40.74357016,40.74357016,81.19049183,58.30141289,104.0795708,42.733,-86.584,89.5,2012,8/2/2012,Summer,Night,8.385017983,7.445142888,9.324893078,1992.719134,1430.935303,2554.502965
MYSDILU,M019G13,Summer_2013,Michigan,MI19,2,53.47593583,49.65622613,57.29564553,85.29349496,80.84067544,89.74631447,42.733267,-86.5832,87.7,2013,8/3/2013,Summer,Night,7.615420044,7.53973058,7.691109507,1609.145979,1410.939255,1807.352702
MYSDILU,M019G15,Summer_2015,Michigan,MI19,2,128.5968933,126.0504202,131.1433664,153.5260157,143.8888293,163.1632021,42.734,-86.582,89,2015,8/4/2015,Summer,Night,6.427294569,6.39167987,6.462909267,1192.838532,1141.518045,1244.159019
MYSDILU,M019G17,Summer_2017,Michigan,MI19,2,97.4025974,91.67303285,103.132162,244.2013767,158.6886682,329.7140852,42.733,-86.584,91,2017,8/3/2017,Summer,Night,8.570605425,7.710628571,9.430582278,2464.017176,1731.028888,3197.005463
MYSDILU,M019G18,Summer_2018,Michigan,MI19,2,15.91545709,10.18589254,21.64502165,47.7843564,17.17916819,78.38954461,42.732433,-86.59908833,91,2018,8/2/2018,Summer,Night,8.986790441,7.514875,10.45870588,2654.080899,1686.564837,3621.596961
MYSDILU,M019M06,Spring_2006,Michigan,MI19,3,25,18,29,61.51541367,46.78548294,73.43460164,42.733,-86.583167,92.5,2006,4/2/2006,Spring,Night,9.063028347,7.692396,10.2549862,2603.210739,1613.292515,3573.675357
MYSDILU,M019M11,Spring_2011,Michigan,MI19,2,41,36,46,45.76612122,39.35318571,52.17905673,42.734,-86.584,92.4,2011,4/6/2011,Spring,Night,6.167512077,5.773913043,6.561111111,1152.46114,855.5040372,1449.418242
MYSDILU,M019M12,Spring_2012,Michigan,MI19,2,26.10134963,24.19149478,28.01120448,50.37422037,49.37451189,51.37392886,42.733317,-86.5827,91.5,2012,4/2/2012,Spring,Night,6.911396508,6.631085067,7.191707949,1943.15303,1762.670075,2123.635985
MYSDILU,M019M14,Spring_2014,Michigan,MI19,2,15.27883881,14.00560224,16.55207538,18.8766943,9.092063541,28.66132505,42.731067,-86.577417,89.5,2014,4/18/2014,Spring,Night,5.93741623,4.830856292,7.043976169,1297.859562,549.3005157,2046.418609
MYSDILU,M019M15,Spring_2015,Michigan,MI19,2,43.92666157,39.47033359,48.38298956,88.38348001,70.00720744,106.7597526,42.733017,-86.583483,90.7,2015,4/16/2015,Spring,Night,7.935533275,7.668547903,8.202518646,1990.110996,1773.666475,2206.555518
MYSDILU,M019M16,Spring_2016,Michigan,MI19,2,102.4955437,90.39979628,114.5912911,250.8599893,219.3231827,282.396796,42.7325,-86.583017,92,2016,3/27/2016,Spring,Night,8.213138802,8.015751764,8.41052584,2445.264788,2426.146869,2464.382706
MYSDILU,M019M17,Spring_2017,Michigan,MI19,2,46.47313471,45.83651642,47.10975299,147.099326,119.6941156,174.5045365,42.717112,-86.583782,92,2017,3/27/2017,Spring,Night,8.606253754,7.332777778,9.87972973,3157.769567,2611.326621,3704.212512
MYSDILU,M019M18,Spring_2018,Michigan,MI19,2,3.183091418,1.273236567,5.092946269,4.803196456,0.737594061,8.868798852,42.733083,-86.583483,93,2018,3/29/2018,Spring,Night,6.5495,5.875,7.224,1160.347515,579.3063753,1741.388655
MYSDILU,M023A19,Spring_2019,Michigan,MI23,2,7.00280112,6.366182837,7.639419404,23.35913069,7.730408099,38.98785328,43.13313333,-86.99998333,90,2019,4/4/2019,Spring,Night,9.315266667,6.0482,12.58233333,3158.90125,1214.292504,5103.509995
MYSDILU,M023A21,Spring_2021,Michigan,MI23,2,7.00280112,6.366182837,7.639419404,4.975203388,4.470413302,5.479993474,43.1333,-86.9996,93.8,2021,4/4/2021,Spring,Night,4.6527,4.484,4.8214,709.7718336,702.2125214,717.3311457
MYSDILU,M023M07,Spring_2007,Michigan,MI23,2,37.5,33,42,40.75444681,39.65970712,41.8491865,43.134833,-86.997833,93.4,2007,4/1/2007,Spring,Night,6.078463203,5.869047619,6.287878788,1099.109255,996.4092025,1201.809307
MYSDILU,M023M09,Spring_2009,Michigan,MI23,2,24.5,22,27,59.66809538,57.04388456,62.2923062,43.132667,-87.0005,93.4,2009,4/9/2009,Spring,Night,9.172138047,9.159090909,9.185185185,2450.013148,2307.122452,2592.903844
MYSDILU,M023M11,Spring_2011,Michigan,MI23,2,14,11,17,32.13160867,17.53912984,46.72408749,43.133,-87,93.4,2011,4/7/2011,Spring,Night,8.622459893,7.427272727,9.817647059,2171.471042,1594.466349,2748.475735
MYSDILU,M023M13,Spring_2013,Michigan,MI23,2,40.10695187,33.10415075,47.10975299,35.52442453,10.69365153,60.35519753,43.133217,-87.000433,90,2013,3/28/2013,Spring,Night,5.123863057,4.239696967,6.008029147,802.0959722,323.030535,1281.161409
MYSDILU,M023M15,Spring_2015,Michigan,MI23,2,55.38579068,45.83651642,64.93506494,102.0584394,87.69541619,116.4214627,43.13433,-87.00134,89.9,2015,4/16/2015,Spring,Night,7.871089661,7.656033341,8.08614598,1853.056094,1792.890526,1913.221663
MYSDILU,M023M16,Spring_2016,Michigan,MI23,2,57.93226381,53.47593583,62.3885918,72.7275355,61.05825777,84.39681323,43.1337,-87.000355,89,2016,3/27/2016,Spring,Night,5.681341449,5.647978687,5.714704211,1247.274885,1141.78942,1352.760349
MYSDILU,M023S21,Summer_2021,Michigan,MI23,2,46.47313471,43.29004329,49.65622613,79.48984778,72.19608593,86.78360963,43.13258,-87.000683,92,2021,9/5/2021,Summer,Night,7.142282051,7.053,7.231564103,1707.708985,1667.729585,1747.688385
MYSDILU,M032G11,Summer_2011,Michigan,MI32,2,106,95,117,196.8949484,195.9564901,197.8334066,44.140167,-87.232833,164.4,2011,8/4/2011,Summer,Night,8.090967161,7.75982906,8.422105263,1876.791857,1690.883817,2062.699896
MYSDILU,M032G13,Summer_2013,Michigan,MI32,2,245.7346575,241.9149478,249.5543672,507.839903,493.2698259,522.40998,44.139917,-87.23385,159,2013,8/4/2013,Summer,Night,8.392446221,8.324517387,8.460375055,2066.196555,2039.021691,2093.37142
MYSDILU,M032G17,Summer_2017,Michigan,MI32,2,62.3885918,57.29564553,67.48153807,154.0735529,130.4562899,177.6908158,44.1355,-87.23159,164,2017,8/6/2017,Summer,Night,8.558923077,8.253,8.864846154,2455.036922,2276.897113,2633.176731
MYSDILU,M032G18,Summer_2018,Michigan,MI32,2,31.83091418,22.91825821,40.74357016,77.52660091,54.66079858,100.3924032,44.139552,-87.231952,166,2018,8/3/2018,Summer,Night,8.618954861,8.5456875,8.692222222,2424.519446,2385.032845,2464.006047
MYSDILU,M032G19,Summer_2019,Michigan,MI32,2,50.92946269,48.38298956,53.47593583,154.097984,138.4717296,169.7242385,44.13971833,-87.23180333,166,2019,8/3/2019,Summer,Night,9.136491656,8.492878049,9.780105263,3048.676683,2589.421343,3507.932023
MYSDILU,M034G06,Summer_2006,Michigan,MI34,2,612,580,644,2136.13259,1462.207039,2810.058142,43.975,-87.3325,157.6,2006,8/4/2006,Summer,Night,10.17978373,9.294466364,11.06510109,3442.245469,2521.046618,4363.44432
MYSDILU,M034G07,Summer_2007,Michigan,MI34,1,169,169,169,398.1435415,398.1435415,398.1435415,44.089833,-86.766502,157.6,2007,8/3/2007,Summer,Night,8.378094675,8.378094675,8.378094675,2355.878944,2355.878944,2355.878944
MYSDILU,M034G09,Summer_2009,Michigan,MI34,2,47.5,32,63,211.0254334,142.9687399,279.082127,44.089167,-86.7665,159.6,2009,8/6/2009,Summer,Night,12.09449405,12.09375,12.0952381,4448.824076,4429.875032,4467.77312
MYSDILU,M034G10,Summer_2010,Michigan,MI34,2,242,193,291,463.8538471,293.2170308,634.4906635,44.089567,-86.766133,159.6,2010,8/4/2010,Summer,Night,7.971304952,7.366321244,8.57628866,1849.819757,1519.259227,2180.380287
MYSDILU,M034G12,Summer_2012,Michigan,MI34,2,199.8981411,197.3516679,202.4446142,506.3009823,475.5763133,537.0256513,44.09,-86.766,157.6,2012,8/2/2012,Summer,Night,8.627789232,8.43184135,8.823737114,2535.164235,2349.167525,2721.160945
MYSDILU,M034G14,Summer_2014,Michigan,MI34,2,228.5459638,193.5319582,263.5599694,490.8665761,404.3746158,577.3585364,44.090217,-86.766883,158,2014,8/7/2014,Summer,Night,8.123920126,8.014645588,8.233194664,2140.030819,2089.446206,2190.615432
MYSDILU,M034G15,Summer_2015,Michigan,MI34,2,332.9513624,329.7682709,336.1344538,653.6469469,597.9858134,709.3080804,44.089417,-86.7669,152,2015,8/5/2015,Summer,Night,7.866778473,7.584286619,8.149270326,1961.771557,1813.351575,2110.191539
MYSDILU,M034G18,Summer_2018,Michigan,MI34,2,176.3432646,166.7939903,185.8925388,294.4904118,280.9427987,308.038025,44.089885,-86.76638667,161,2018,8/3/2018,Summer,Night,7.494358346,7.271623562,7.71709313,1679.067802,1511.318316,1846.817289
MYSDILU,M034M10,Spring_2010,Michigan,MI34,1,124,124,124,250.3789494,250.3789494,250.3789494,44.09005,-86.766667,159.9,2010,4/2/2010,Spring,Night,8.386290323,8.386290323,8.386290323,2019.185076,2019.185076,2019.185076
MYSDILU,M040A21,Spring_2021,Michigan,MI40,2,119.047619,115.8645276,122.2307105,257.3197145,164.8134205,349.8260085,44.75988,-86.96708,174,2021,4/5/2021,Spring,Night,7.252345982,6.230285714,8.27440625,2142.240315,1422.466598,2862.014032
MYSDILU,M040M09,Spring_2009,Michigan,MI40,2,252,239,265,537.7641081,473.1742247,602.3539915,44.760167,-86.966167,174.2,2009,4/9/2009,Spring,Night,8.815461435,8.449790795,9.181132075,2126.421201,1979.808472,2273.03393
MYSDILU,M040M11,Spring_2011,Michigan,MI40,2,104.5,91,118,209.7257852,199.8574176,219.5941528,44.759,-86.966,171.2,2011,4/7/2011,Spring,Night,8.099534364,7.766101695,8.432967033,2028.601377,1860.967396,2196.235358
MYSDILU,M040M12,Spring_2012,Michigan,MI40,2,185.8925388,147.6954418,224.0896359,253.1539728,248.220199,258.0877467,44.760167,-86.966167,171.2,2012,4/3/2012,Spring,Night,6.797476849,6.230726206,7.364227493,1416.169252,1151.716569,1680.621934
MYSDILU,M040M14,Spring_2014,Michigan,MI40,2,101.8589254,89.12655971,114.5912911,180.881006,142.8552356,218.9067763,44.760133,-86.966333,167.8,2014,4/19/2014,Spring,Night,6.769625196,6.450542833,7.088707559,1756.581106,1602.835744,1910.326468
MYSDILU,M040M15,Spring_2015,Michigan,MI40,2,85.30685001,75.12095747,95.49274255,222.0674665,175.879533,268.2554,44.759817,-86.966217,166.7,2015,4/17/2015,Spring,Night,8.285423416,8.202519627,8.368327204,2575.227522,2341.284495,2809.170549
MYSDILU,M040M16,Spring_2016,Michigan,MI40,2,103.132162,98.03921569,108.2251082,231.8526255,220.4300317,243.2752194,44.75925,-86.965767,173,2016,3/28/2016,Spring,Night,7.958834054,7.910310144,8.007357964,2248.124675,2247.863027,2248.386323
MYSDILU,M040M17,Spring_2017,Michigan,MI40,2,49.01960784,44.56327986,53.47593583,46.24989001,32.05877786,60.44100216,44.759968,-86.966122,173,2017,3/28/2017,Spring,Night,5.3045,4.865428571,5.743571429,924.8228578,719.3989752,1130.24674
MYSDILU,M040S21,Summer_2021,Michigan,MI40,2,252.1008403,202.4446142,301.7570665,652.4479521,557.44824,747.4476643,44.75956,-86.9692,169.3,2021,9/6/2021,Summer,Night,9.452644887,9.348022447,9.557267327,2615.284369,2476.984791,2753.583948
MYSDILU,M047A19,Spring_2019,Michigan,MI47,2,70.66462949,63.66182837,77.66743061,154.5972686,148.7150141,160.4795231,45.17796833,-86.37500333,199,2019,4/5/2019,Spring,Night,7.605816393,7.381032787,7.8306,2201.127535,2066.23963,2336.015441
MYSDILU,M047G09,Summer_2009,Michigan,MI47,1,152,152,152,483.4576213,483.4576213,483.4576213,45.178167,-86.375833,192.7,2009,8/7/2009,Summer,Night,10.16447368,10.16447368,10.16447368,3180.642246,3180.642246,3180.642246
MYSDILU,M047G11,Summer_2011,Michigan,MI47,2,151.5,133,170,315.2392997,311.8740647,318.6045347,45.179,-86.376,192.7,2011,8/5/2011,Summer,Night,8.015749668,7.743529412,8.287969925,2109.531051,1874.144322,2344.91778
MYSDILU,M047G12,Summer_2012,Michigan,MI47,2,153.4250064,141.329259,165.5207538,416.5623157,402.3735786,430.7510527,45.17805,-86.375417,193.7,2012,8/4/2012,Summer,Night,8.740200279,8.677057945,8.803342612,2724.731997,2602.399052,2847.064943
MYSDILU,M047G13,Summer_2013,Michigan,MI47,2,211.3572702,196.0784314,226.636109,464.7824714,405.2787736,524.2861691,45.17905,-86.374533,190,2013,8/5/2013,Summer,Night,8.487851927,8.35981195,8.615891905,2190.130415,2066.921745,2313.339085
MYSDILU,M047G14,Summer_2014,Michigan,MI47,2,174.4334097,165.5207538,183.3460657,288.6096439,202.8514346,374.3678531,45.178367,-86.374967,193.7,2014,8/9/2014,Summer,Night,7.290857803,6.574718728,8.006996879,1633.699705,1225.534744,2041.864666
MYSDILU,M047G17,Summer_2017,Michigan,MI47,2,131.1433664,118.4110008,143.8757321,302.2484953,253.9124299,350.5845607,45.17875,-86.375283,197,2017,8/7/2017,Summer,Night,8.268463359,8.020811765,8.516114953,2290.524623,2144.331424,2436.717823
MYSDILU,M047G19,Summer_2019,Michigan,MI47,2,192.2587217,171.8869366,212.6305067,304.3177608,281.901708,326.7338137,45.17831667,-86.374955,198,2019,8/4/2019,Summer,Night,7.336481704,7.19656,7.476403407,1588.334331,1536.627169,1640.041492
MYSDILU,M047M10,Spring_2010,Michigan,MI47,2,221.5,209,234,451.8398332,442.6425284,461.037138,45.177283,-86.374867,195.6,2010,4/3/2010,Spring,Night,8.381517605,7.941025641,8.822009569,2048.777028,1891.634737,2205.91932
MYSDILU,M047M11,Spring_2011,Michigan,MI47,2,52,46,58,111.684146,81.26359836,142.1046936,45.178,-86.375,195.6,2011,4/8/2011,Spring,Night,8.021701649,7.334782609,8.70862069,2108.340444,1766.599964,2450.080924
MYSDILU,M047M13,Spring_2013,Michigan,MI47,2,260.376878,254.6473135,266.1064426,303.9743753,270.2272872,337.7214634,45.178333,-86.375,189,2013,3/29/2013,Spring,Night,5.774777765,5.54749534,6.00206019,1170.858944,1015.4857,1326.232187
MYSDILU,M047M15,Spring_2015,Michigan,MI47,2,120.3208556,117.1377642,123.503947,186.403184,179.5395919,193.2667761,45.178633,-86.37443,189.5,2015,4/17/2015,Spring,Night,6.654914243,6.56223268,6.747595805,1548.792422,1532.72169,1564.863154
MYSDILU,M047M17,Spring_2017,Michigan,MI47,2,55.38579068,50.92946269,59.84211867,121.2628013,93.48415783,149.0414448,45.176402,-86.379005,194,2017,3/29/2017,Spring,Night,7.412055851,6.519361702,8.30475,2244.304359,1562.179948,2926.428769
MYSDILU,M047S21,Summer_2021,Michigan,MI47,2,569.1367456,534.7593583,603.5141329,1322.289609,1145.818938,1498.760281,45.17926,-86.37378,197.6,2021,9/7/2021,Summer,Night,8.939966266,8.69405,9.185882532,2313.035142,2142.681414,2483.388871
MYSDILU,M0FEG06,Summer_2006,Michigan,MIFE,3,91,54,114,329.4716163,124.5426176,496.0156681,42.583333,-86.416667,67,2006,8/3/2006,Summer,Twilight,9.489719865,8.207851367,10.78589169,3419.03849,2306.344769,4723.958744
MYSDILU,M0FEG12,Summer_2012,Michigan,MIFE,2,9.549274255,5.092946269,14.00560224,18.75644036,15.02681656,22.48606416,42.583067,-86.4165,66.1,2012,8/2/2012,Summer,Night,7.535847583,7.502390457,7.569304708,2278.010207,1605.504981,2950.515432
MYSDILU,M0FEG16,Summer_2016,Michigan,MIFE,2,222.179781,213.9037433,230.4558187,787.5098968,643.2127791,931.8070145,42.583,-86.417,66,2016,8/2/2016,Summer,Night,9.822711389,9.144891407,10.50053137,3525.170725,3007.019742,4043.321708
MYSDILU,M0FEM06,Spring_2006,Michigan,MIFE,3,25.33333333,22,27,72.80185953,59.61145512,85.93287593,42.583333,-86.417333,67.2,2006,4/2/2006,Spring,Night,10.31133348,9.898483071,10.85171274,2863.625143,2698.564724,3182.699109
MYSDILU,M0FEM08,Spring_2008,Michigan,MIFE,3,8.333333333,1,14,22.14122519,0.31547224,43.66514603,42.58333333,-86.41666667,68.1,2008,4/15/2008,Spring,Night,7.03667619,4.6986,8.721428571,1892.905657,315.4722398,3118.939002
MYSDILU,M0FEM10,Spring_2010,Michigan,MIFE,2,20,15,25,26.41553091,6.035171237,46.79589058,42.583417,-86.416583,68.2,2010,4/2/2010,Spring,Night,6.390666667,4.733333333,8.048,1137.090186,402.3447491,1871.835623
MYSDILU,M0FEM12,Spring_2012,Michigan,MIFE,2,19.73516679,17.82531194,21.64502165,37.11210813,31.56242703,42.66178922,42.583417,-86.416617,68.1,2012,4/2/2012,Spring,Night,7.484956241,7.387699809,7.582212674,1870.813409,1770.652157,1970.974662
MYSDILU,M0FEM14,Spring_2014,Michigan,MIFE,2,1.909854851,0,3.819709702,5.773500444,0,11.54700089,42.583133,-86.4172,64,2014,4/17/2014,Spring,Night,10.70220426,10.70220426,10.70220426,3023.004833,3023.004833,3023.004833
MYSDILU,M0FOM11,Spring_2011,Michigan,MIFO,2,86,75,97,237.464938,202.7570929,272.1727831,44.75,-87.083,120.7,2011,4/8/2011,Spring,Night,9.668426117,9.430666667,9.906185567,2754.666443,2703.427905,2805.904981
MYSDILU,M0FOM15,Spring_2015,Michigan,MIFO,2,131.7799847,129.8701299,133.6898396,337.0010973,327.0627159,346.9394788,44.7502,-87.0824,119.4,2015,4/17/2015,Spring,Night,8.683027914,8.250265327,9.115790501,2558.931551,2446.429115,2671.433987
MYSDILU,M18MA19,Spring_2019,Michigan,MI18M,2,49.01960784,33.10415075,64.93506494,91.15904041,71.34161395,110.9764669,42.73351833,-86.99956833,164,2019,4/4/2019,Spring,Night,7.500368024,6.91027451,8.090461538,1932.051556,1709.03759,2155.065523
MYSDILU,M18MG06,Summer_2006,Michigan,MI18M,2,463,448,478,1778.554351,1328.222556,2228.886145,42.733667,-86.998667,160.5,2006,8/3/2006,Summer,Night,10.28186487,9.528078621,11.03565111,3813.862109,2964.782492,4662.941726
MYSDILU,M18MG08,Summer_2008,Michigan,MI18M,2,131.5,124,139,341.6798132,291.8612303,391.4983961,42.732833,-86.999833,160.5,2008,8/2/2008,Summer,Night,8.437288234,8.117741935,8.756834532,2585.127411,2353.719599,2816.535224
MYSDILU,M18MM06,Spring_2006,Michigan,MI18M,2,173.5,106,241,493.4913849,295.3437842,691.6389857,42.733333,-86.999833,160.5,2006,4/2/2006,Spring,Night,9.357171303,9.229733487,9.484609118,2828.066713,2786.262115,2869.87131
MYSDILU,M18MM07,Spring_2007,Michigan,MI18M,1,179,179,179,608.0224956,608.0224956,608.0224956,42.73435,-86.999667,161.5,2007,4/1/2007,Spring,Night,9.726256983,9.726256983,9.726256983,3396.773719,3396.773719,3396.773719
MYSDILU,M18MM11,Spring_2011,Michigan,MI18M,2,45,37,53,45.46479098,37.44184775,53.48773421,42.733,-87.001,161.5,2011,4/7/2011,Spring,Night,6.051606323,5.991891892,6.111320755,1010.572182,1009.202532,1011.941831
MYSDILU,M18MM12,Spring_2012,Michigan,MI18M,2,92.30965113,82.76037688,101.8589254,124.4645427,103.7780188,145.1510667,42.733133,-87.000133,160.5,2012,4/2/2012,Spring,Night,6.865273605,6.822554966,6.907992245,1339.48919,1253.957784,1425.020597
MYSDILU,M18MM13,Spring_2013,Michigan,MI18M,2,64.93506494,57.29564553,72.57448434,172.5953698,108.1390131,237.0517264,42.733,-86.999,157,2013,3/27/2013,Spring,Night,8.079613816,7.376311948,8.782915684,2576.854752,1887.386243,3266.323262
MYSDILU,M18MM14,Spring_2014,Michigan,MI18M,2,22.28163993,19.09854851,25.46473135,23.4363189,12.82551197,34.04712583,42.733217,-86.999767,159.5,2014,4/18/2014,Spring,Night,5.819147464,5.120665828,6.517629101,1004.287219,671.5438066,1337.030631
MYSDILU,M18MM15,Spring_2015,Michigan,MI18M,2,98.03921569,80.21390374,115.8645276,270.8488497,203.9672458,337.7304537,42.73305,-86.999567,159,2015,4/16/2015,Spring,Night,8.908119692,8.61849838,9.197741003,2728.832636,2542.791664,2914.873608
MYSDILU,M18MM16,Spring_2016,Michigan,MI18M,2,91.67303285,76.39419404,106.9518717,271.6481193,267.6107382,275.6855005,42.733167,-86.999733,164,2016,3/27/2016,Spring,Night,8.844990275,8.094557901,9.595422649,3040.341996,2577.65943,3503.024563
MYSDILU,M18MM17,Spring_2017,Michigan,MI18M,2,124.1405653,115.8645276,132.416603,219.566382,194.7968227,244.3359413,42.733735,-86.999617,164,2017,3/27/2017,Spring,Night,6.267307692,6.175384615,6.359230769,1763.226329,1681.246424,1845.206234
MYSDILU,M18MM18,Spring_2018,Michigan,MI18M,2,13.36898396,12.73236567,14.00560224,57.49114053,44.59569262,70.38658845,42.732472,-86.999138,164,2018,3/29/2018,Spring,Night,10.77582727,9.6212,11.93045455,4264.074057,3502.545698,5025.602415
MYSDILU,M27MA21,Spring_2021,Michigan,MI27M,2,30.55767762,28.01120448,33.10415075,118.8207901,113.267871,124.3737091,43.5999,-86.9167,106.8,2021,4/4/2021,Spring,Night,10.52464426,10.07265385,10.97663467,3930.851206,3421.560997,4440.141416
MYSDILU,M27MG08,Summer_2008,Michigan,MI27M,2,146.5,129,164,433.9086285,421.5879563,446.2293006,43.599833,-86.916667,104.1,2008,8/2/2008,Summer,Night,9.529483362,9.19695122,9.862015504,2994.517031,2720.91037,3268.123692
MYSDILU,M27MM09,Spring_2009,Michigan,MI27M,2,53.5,49,58,146.8025938,143.6532869,149.9519007,43.6,-86.916833,109,2009,4/9/2009,Spring,Night,9.76908867,9.181034483,10.35714286,2768.51184,2476.780808,3060.242872
MYSDILU,M27MS21,Summer_2021,Michigan,MI27M,2,15.91545709,8.912655971,22.91825821,32.48956336,11.14232747,53.83679925,43.59952,-86.91435,106.6,2021,9/5/2021,Summer,Night,8.344063492,7.472571429,9.215555556,1799.624074,1250.169142,2349.079007
MYSDILU,M30bG09,Summer_2009,Michigan,MI30b,2,2.5,0,5,0.802459461,0,1.604918923,43.93333333,-86.56666667,30,2009,8/5/2009,Summer,Night,4.7,4.7,4.7,320.9837845,320.9837845,320.9837845
MYSDILU,M30bS21,Summer_2021,Michigan,MI30b,1,0,0,0,0,0,0,43.93334,-86.56677,30.7,2021,9/5/2021,Summer,Day,,,,,,
MYSDILU,M31bG09,Summer_2009,Michigan,MI31b,2,5.5,5,6,10.41150563,10.182891,10.64012026,43.91667,-87.61667,41,2009,8/6/2009,Summer,Night,8.6,8,9.2,1904.965789,1773.353377,2036.578201
MYSDILU,M31bG10,Summer_2010,Michigan,MI31b,2,0,0,0,0,0,0,43.91667,-87.61667,41.8,2010,8/4/2010,Summer,Night,,,,,,
MYSDILU,M31bG11,Summer_2011,Michigan,MI31b,2,1.5,1,2,10.14857268,8.839205928,11.45793943,43.91667,-87.61667,41.8,2011,8/4/2011,Summer,Night,14.75,13.5,16,7284.087821,5728.969713,8839.205928
MYSDILU,M31bG19,Summer_2019,Michigan,MI31b,2,5.729564553,3.819709702,7.639419404,14.98296152,0.54351892,29.42240413,43.917635,-87.61765333,41,2019,8/3/2019,Summer,Night,6.778916667,3.499,10.05883333,1996.842977,142.2932533,3851.3927
MYSDILU,M34AG06,Summer_2006,Michigan,MI-MYS-2006-SUM-1,3,218,161,282,623.1959663,509.9483043,831.9151342,43.975,-87.3325,90,2006,8/4/2006,Summer,Night,9.461599673,8.895019129,9.965847796,2872.832744,2501.063794,3167.380772
MYSDILU,M34BG06,Summer_2006,Michigan,MI-MYS-2006-SUM-2,3,63.33333333,61,68,132.7259814,92.26818699,210.4449811,43.946,-87.46,66,2006,8/4/2006,Summer,Night,8.549409659,7.650700688,10.08028216,2057.456231,1512.593229,3094.779134
MYSDILU,M41MA19,Spring_2019,Michigan,MI41M,2,135.5996944,133.6898396,137.5095493,291.764095,272.2137634,311.3144265,44.73677,-86.72228333,272,2019,4/5/2019,Spring,Night,7.993413737,7.859675093,8.127152381,2154.115445,1979.59898,2328.63191
MYSDILU,M41MA21,Spring_2021,Michigan,MI41M,2,350.7766743,323.4020881,378.1512605,751.5176649,675.5981217,827.437208,44.7369,-86.7215,271.2,2021,4/5/2021,Spring,Night,7.979221582,7.138624747,8.819818416,2172.560895,1786.5817,2558.540091
MYSDILU,M41MM07,Spring_2007,Michigan,MI41M,2,211,207,215,586.6256725,532.9354618,640.3158833,44.738333,-86.720833,264.7,2007,4/2/2007,Spring,Night,10.06644759,9.748837209,10.38405797,2786.041518,2478.76959,3093.313446
MYSDILU,M41MM08,Spring_2008,Michigan,MI41M,2,331.5,271,392,734.8466523,560.9645401,908.7287646,44.736333,-86.722,265.6,2008,4/18/2008,Spring,Night,8.798486332,8.543911439,9.053061224,2194.082738,2069.979853,2318.185624
MYSDILU,M41MM12,Spring_2012,Michigan,MI41M,2,242.5515661,213.9037433,271.1993888,473.6681234,323.2465285,624.0897182,44.736467,-86.721667,264.7,2012,4/3/2012,Spring,Night,7.889476456,6.918512023,8.860440888,1906.199241,1511.177521,2301.220961
MYSDILU,M41MM14,Spring_2014,Michigan,MI41M,2,432.2638146,401.0695187,463.4581105,667.2398199,647.9100505,686.5695893,44.736583,-86.722683,258.4,2014,4/18/2014,Spring,Night,6.594761292,6.416772304,6.772750279,1554.918687,1397.990532,1711.846843
MYSDILU,M41MM17,Spring_2017,Michigan,MI41M,2,121.5940922,108.2251082,134.9630761,331.2144891,308.4039279,354.0250504,44.735967,-86.722755,271,2017,3/28/2017,Spring,Night,8.72813707,8.472509434,8.983764706,2736.388763,2623.125232,2849.652294
MYSDILU,M46bS21,Summer_2021,Michigan,MI46b,2,4.456327986,3.819709702,5.092946269,5.680286702,1.758121231,9.602452172,43.104,-86.37481,50.5,2021,9/5/2021,Summer,Night,7.06825,4.5165,9.62,1429.564541,345.2071037,2513.921979
MYSDILU,M48bG11,Summer_2011,Michigan,MI48b,2,7.5,7,8,28.33565081,24.17543151,32.4958701,42.68,-86.33,54.5,2011,8/3/2011,Summer,Night,10.09642857,8.75,11.44285714,3832.098048,3021.928939,4642.267158
MYSDILU,M48bG17,Summer_2017,Michigan,MI48b,2,113.9546728,98.03921569,129.8701299,222.9412416,199.208138,246.6743452,42.68945,-86.33198667,51,2017,8/3/2017,Summer,Night,7.641300439,7.394666667,7.887934211,1965.657733,1899.392458,2031.923007
MYSDILU,M48bG18,Summer_2018,Michigan,MI48b,2,47.74637128,45.83651642,49.65622613,117.0078212,108.1625901,125.8530524,42.683085,-86.33285333,49,2018,8/2/2018,Summer,Night,7.964483974,7.73725,8.191717949,2447.117014,2359.747174,2534.486855
MYSDILU,M48bG19,Summer_2019,Michigan,MI48b,2,31.83091418,31.83091418,31.83091418,21.53941496,11.16161089,31.91721904,42.68301667,-86.317055,52,2019,8/2/2019,Summer,Night,5.27135,4.6122,5.9305,676.6822605,350.6531678,1002.711353
MYSDILU,M49bG15,Summer_2015,Michigan,MI49b,2,5.729564553,1.273236567,10.18589254,2.06438391,0.372743041,3.756024779,45.49377,-87.032333,40,2015,8/6/2015,Summer,Night,4.620709737,4.571243863,4.670175612,330.7500584,292.7523841,368.7477326
MYSDILU,M49bS21,Summer_2021,Michigan,MI49b,1,1.273236567,1.273236567,1.273236567,,,,45.49367,-87.0326,42.9,2021,9/9/2021,Summer,Day,,,,,,
MYSDILU,M51bG11,Summer_2011,Michigan,MI51b,2,16,14,18,36.78036542,35.01624249,38.54448836,45.18350167,-85.89665,105.1,2011,8/5/2011,Summer,Night,8.619444444,8.088888889,9.15,2321.260321,2141.360464,2501.160178
MYSDILU,M51bG12,Summer_2012,Michigan,MI51b,2,42.65342501,39.47033359,45.83651642,68.4645676,62.31525331,74.61388189,45.1833,-86.1,106,2012,8/4/2012,Summer,Night,7.965868808,7.798074364,8.133663251,1603.306643,1578.787095,1627.82619
MYSDILU,M51bG19,Summer_2019,Michigan,MI51b,2,22.91825821,19.09854851,26.73796791,68.47594391,58.66558479,78.28630303,45.18345,-86.10646667,101,2019,8/4/2019,Summer,Night,9.580847619,9.296428571,9.865266667,2999.818876,2927.907733,3071.730019
MYSDILU,M51bS21,Summer_2021,Michigan,MI51b,2,105.0420168,95.49274255,114.5912911,221.4669107,195.6871352,247.2466861,45.18378,-86.0997,107.6,2021,9/7/2021,Summer,Night,8.568895556,8.48508,8.652711111,2103.437547,2049.23568,2157.639414
MYSDILU,M53bG16,Summer_2016,Michigan,MI53b,2,3.183091418,2.546473135,3.819709702,6.547287687,3.847957513,9.246617861,45.43352,-85.21471,59,2016,8/7/2016,Summer,Night,8.529711368,8.251292541,8.808130195,1965.928736,1511.092915,2420.764556
MYSDILU,M5B5L21,CSMI2021,Michigan,CSB5,1,0,0,0,0,0,0,42.37504,-87.349302,105,2021,7/14/2021,Summer,Day,,,,,,
MYSDILU,M82851L21,CSMI2021,Michigan,CS82851,1,17.82531194,17.82531194,17.82531194,14.94682493,14.94682493,14.94682493,45.050022,-86.922668,81,2021,7/20/2021,Summer,Night,6.4195,6.4195,6.4195,838.5168785,838.5168785,838.5168785
MYSDILU,M95120L21,CSMI2021,Michigan,CS95120,1,0,0,0,0,0,0,45.523522,-86.169517,135,2021,7/19/2021,Summer,Day,,,,,,
MYSDILU,M9561L21,CSMI2021,Michigan,CS9561,1,52.20269926,52.20269926,52.20269926,76.67870282,76.67870282,76.67870282,43.470855,-86.784055,130.7,2021,7/17/2021,Summer,Twilight,7.067631579,7.067631579,7.067631579,1468.864712,1468.864712,1468.864712
MYSDILU,M9564L21,CSMI2021,Michigan,CS9564,1,166.7939903,166.7939903,166.7939903,409.2988646,409.2988646,409.2988646,43.600612,-87.340525,134.4,2021,7/22/2021,Summer,Night,8.977663366,8.977663366,8.977663366,2453.918537,2453.918537,2453.918537
MYSDILU,M9570L21,CSMI2021,Michigan,CS9570,1,33.10415075,33.10415075,33.10415075,6.096910292,6.096910292,6.096910292,43.886243,-86.908173,165,2021,7/17/2021,Summer,Day,3.721576923,3.721576923,3.721576923,184.1735901,184.1735901,184.1735901
MYSDILU,M9574L21,CSMI2021,Michigan,CS9574,1,66.2083015,66.2083015,66.2083015,10.19904914,10.19904914,10.19904914,44.068367,-87.14719,140,2021,7/21/2021,Summer,Day,3.495326923,3.495326923,3.495326923,154.0448691,154.0448691,154.0448691
MYSDILU,M9576L21,CSMI2021,Michigan,CS9576,1,12.73236567,12.73236567,12.73236567,2.986926034,2.986926034,2.986926034,44.151425,-86.621327,164,2021,7/17/2021,Summer,Day,4.0974,4.0974,4.0974,234.5931707,234.5931707,234.5931707
MYSDILU,M9582L21,CSMI2021,Michigan,CS9582,1,0,0,0,0,0,0,44.40838,-86.368383,121,2021,7/17/2021,Summer,Night,,,,,,
MYSDILU,M9587L21,CSMI2021,Michigan,CS9587,1,164.2475172,164.2475172,164.2475172,560.693622,560.693622,560.693622,44.62136,-86.352702,197.8,2021,7/18/2021,Summer,Night,10.15381209,10.15381209,10.15381209,3413.711401,3413.711401,3413.711401
MYSDILU,M9597L21,CSMI2021,Michigan,CS9597,1,10.18589254,10.18589254,10.18589254,2.107717608,2.107717608,2.107717608,44.972022,-86.369942,162,2021,7/18/2021,Summer,Day,3.83775,3.83775,3.83775,206.9251761,206.9251761,206.9251761
MYSDILU,MBGL21,CSMI2021,Michigan,CSB6,1,590.7817673,590.7817673,590.7817673,331.3768525,331.3768525,331.3768525,42.375457,-87.499115,82,2021,7/14/2021,Summer,Night,5.670132075,5.670132075,5.670132075,560.9124569,560.9124569,560.9124569
MYSDILU,MC3L21,CSMI2021,Michigan,CSC3,1,3.819709702,3.819709702,3.819709702,1.424020989,1.424020989,1.424020989,42.819157,-86.473542,76,2021,7/16/2021,Summer,Day,4.962666667,4.962666667,4.962666667,372.808695,372.808695,372.808695
MYSDILU,MC5L21,CSMI2021,Michigan,CSC5,1,100.5856888,100.5856888,100.5856888,140.7086449,140.7086449,140.7086449,42.81653,-86.833205,136,2021,7/16/2021,Summer,Night,6.453871795,6.453871795,6.453871795,1398.893287,1398.893287,1398.893287
MYSDILU,MC6L21,CSMI2021,Michigan,CSC6,1,2.546473135,2.546473135,2.546473135,0.292901921,0.292901921,0.292901921,42.794598,-87.44657,97.6,2021,7/13/2021,Summer,Day,3.2395,3.2395,3.2395,115.0225844,115.0225844,115.0225844
MYSDILU,MEG14L21,CSMI2021,Michigan,CSEG14,2,0,0,0,0,0,0,42.377577,-86.773673,97,2021,7/15/2021,Summer,Day,,,,,,
MYSDILU,MFR5L21,CSMI2021,Michigan,CSFR5,1,40.74357016,40.74357016,40.74357016,103.7048433,103.7048433,103.7048433,44.816352,-86.196653,74.5,2021,7/18/2021,Summer,Night,8.50153125,8.50153125,8.50153125,2545.305747,2545.305747,2545.305747
MYSDILU,MH21L21,CSMI2021,Michigan,CSH21,1,53.47593583,53.47593583,53.47593583,83.30220798,83.30220798,83.30220798,42.040292,-86.883393,71,2021,7/15/2021,Summer,Night,6.895666667,6.895666667,6.895666667,1557.751289,1557.751289,1557.751289
MYSDILU,ML280L21,CSMI2021,Michigan,CSL280,1,28.01120448,28.01120448,28.01120448,56.93452418,56.93452418,56.93452418,43.501035,-86.603178,78,2021,7/17/2021,Summer,Night,7.085090909,7.085090909,7.085090909,2032.562513,2032.562513,2032.562513
MYSDILU,MSB6L21,CSMI2021,Michigan,SB6,1,230.4558187,230.4558187,230.4558187,426.3623553,426.3623553,426.3623553,44.857513,-86.923213,155,2021,7/20/2021,Summer,Night,7.836642857,7.836642857,7.836642857,1850.082839,1850.082839,1850.082839
MYSDILU,MSC5L21,CSMI2021,Michigan,CSSC5,1,0,0,0,0,0,0,45.756267,-86.105688,83,2021,7/19/2021,Summer,Day,,,,,,
MYSDILU,U15041FMN,CSMI2015,Michigan,FraMid,2,17.82531194,15.27883881,20.37178508,78.87241503,69.24259138,88.50223867,44.485,-86.3115,46,2015,4/25/2015,Spring,Night,11.803125,11.725,11.88125,4438.140623,4344.353641,4531.927606
MYSDILU,U15041FON,CSMI2015,Michigan,FraOff,2,7.639419404,5.092946269,10.18589254,39.79971908,28.71616755,50.88327061,44.5085,-86.3365,110,2015,4/25/2015,Spring,Night,11.74375,11.1875,12.3,5316.942295,4995.465092,5638.419499
MYSDILU,U15041LMN,CSMI2015,Michigan,LudMid,3,4.66853408,3.819709702,6.366182837,6.907137499,0.664289872,12.18482522,43.914,-86.58066667,46,2015,4/27/2015,Spring,Night,6.691111111,3.766666667,8.366666667,1382.956965,173.9110885,2060.967459
MYSDILU,U15041LON,CSMI2015,Michigan,LudOff,2,30.55767762,20.37178508,40.74357016,141.8958566,87.33123395,196.4604793,43.9145,-86.6715,110,2015,4/27/2015,Spring,Night,11.9625,11.83125,12.09375,4554.374417,4286.871946,4821.876888
MYSDILU,U15041SMN,CSMI2015,Michigan,SauMid,2,12.73236567,12.73236567,12.73236567,29.63536205,27.71617542,31.55454867,42.691,-86.3175,46,2015,4/30/2015,Spring,Night,8.075,7.9,8.25,2327.561335,2176.828418,2478.294253
MYSDILU,U15041SNN,CSMI2015,Michigan,SauNsh,1,15.27883881,15.27883881,15.27883881,24.36921226,24.36921226,24.36921226,42.6905,-86.253,18,2015,4/29/2015,Spring,Night,7.816666667,7.816666667,7.816666667,1594.964942,1594.964942,1594.964942
MYSDILU,U15041SON,CSMI2015,Michigan,SauOff,2,125.4138019,98.03921569,152.7883881,271.1725871,221.0839365,321.2612377,42.71,-86.7055,110,2015,4/28/2015,Spring,Night,7.876720779,7.495,8.258441558,2178.855476,2102.654801,2255.056152
MYSDILU,U15051BMN,CSMI2015,Michigan,BayMid,2,10.18589254,10.18589254,10.18589254,37.93530828,30.43872521,45.43189134,44.7015,-87.259,46,2015,5/11/2015,Spring,Night,9.93125,8.4125,11.45,3724.29889,2988.321847,4460.275932
MYSDILU,U15051BNN,CSMI2015,Michigan,BayNsh,1,1.273236567,1.273236567,1.273236567,0.357152784,0.357152784,0.357152784,44.757,-87.274,18,2015,5/12/2015,Spring,Night,4.5,4.5,4.5,280.5077964,280.5077964,280.5077964
MYSDILU,U15051BON,CSMI2015,Michigan,BayOff,2,133.0532213,127.3236567,138.7827858,492.4602009,474.7164667,510.2039351,44.6905,-87.1505,110,2015,5/12/2015,Spring,Night,9.752587156,9.609174312,9.896,3702.349962,3676.276795,3728.42313
MYSDILU,U15051JMN,CSMI2015,Michigan,JosMid,2,8.912655971,6.366182837,11.45912911,28.04250879,27.53998575,28.54503184,42.214,-86.6405,46,2015,5/1/2015,Spring,Night,10.33666667,8.933333333,11.74,3443.588179,2403.322756,4483.853601
MYSDILU,U15051JON,CSMI2015,Michigan,JosOff,2,78.30404889,76.39419404,80.21390374,262.934968,243.7576471,282.1122889,42.268,-86.8,110,2015,5/1/2015,Spring,Night,9.549087302,9.361666667,9.736507937,3353.893734,3190.7876,3516.999868
MYSDILU,U15051MMN,CSMI2015,Michigan,ManMid,2,33.74076903,30.55767762,36.92386045,94.21884456,89.79996357,98.63772555,44.1125,-87.47,46,2015,5/9/2015,Spring,Night,9.257758621,8.965517241,9.55,2805.04276,2671.381712,2938.703808
MYSDILU,U15051MNN,CSMI2015,Michigan,ManNsh,2,1.273236567,1.273236567,1.273236567,0.884547758,0.335975247,1.433120269,44.075,-87.581,18,2015,5/8/2015,Spring,Night,5.95,4.4,7.5,694.7238094,263.8749591,1125.57266
MYSDILU,U15051MON,CSMI2015,Michigan,ManOff,2,98.67583397,94.21950598,103.132162,262.7841082,260.9978668,264.5703496,44.0905,-87.325,110,2015,5/8/2015,Spring,Night,8.62957958,8.488888889,8.77027027,2667.728444,2565.352501,2770.104386
MYSDILU,U15051RMN,CSMI2015,Michigan,RacMid,2,2.546473135,2.546473135,2.546473135,0.597074068,0.573807421,0.620340715,42.648,-87.635,46,2015,5/6/2015,Spring,Night,4.15,4.1,4.2,234.4709867,225.3341744,243.6077989
MYSDILU,U15051RON,CSMI2015,Michigan,RacOff,2,65.57168322,63.66182837,67.48153807,251.5049066,226.8077922,276.202021,42.656,-87.507,91,2015,5/6/2015,Spring,Night,10.50073585,10.426,10.5754717,3827.849034,3562.6968,4093.001269
MYSDILU,U15051WMN,CSMI2015,Michigan,WauMid,2,2.546473135,2.546473135,2.546473135,8.266887798,7.980429664,8.553345933,42.449,-87.683,46,2015,5/3/2015,Spring,Night,9.875,8.65,11.1,3246.406838,3133.914729,3358.898948
MYSDILU,U15051WON,CSMI2015,Michigan,WauOff,2,67.48153807,49.65622613,85.30685001,209.3328536,194.3938451,224.2718621,42.458,-87.502,91,2015,5/4/2015,Spring,Night,9.046153846,7.1,10.99230769,3397.625179,2278.760089,4516.490269
MYSDILU,U15071BMN,CSMI2015,Michigan,BayMid,2,33.10415075,33.10415075,33.10415075,71.68722838,65.37726854,77.99718823,44.7,-87.26,46,2015,7/25/2015,Summer,Night,7.925,7.865384615,7.984615385,2165.505737,1974.896412,2356.115063
MYSDILU,U15071BNN,CSMI2015,Michigan,BayNsh,1,2.546473135,2.546473135,2.546473135,2.158954809,2.158954809,2.158954809,44.7535,-87.275,18,2015,7/26/2015,Summer,Night,6.75,6.75,6.75,847.8215536,847.8215536,847.8215536
MYSDILU,U15071BON,CSMI2015,Michigan,BayOff,2,130.5067482,128.5968933,132.416603,458.0298547,456.6264105,459.4332989,44.6925,-87.149,110,2015,7/26/2015,Summer,Night,9.801213823,9.784158416,9.818269231,3510.220203,3469.604932,3550.835473
MYSDILU,U15071FMN,CSMI2015,Michigan,FraMid,2,38.19709702,38.19709702,38.19709702,107.4972342,98.90587581,116.0885926,44.4855,-86.308,46,2015,7/8/2015,Summer,Night,8.883333333,8.396666667,9.37,2814.277591,2589.355829,3039.199354
MYSDILU,U15071FNN,CSMI2015,Michigan,FraNsh,2,5.729564553,3.819709702,7.639419404,2.128951598,1.042662294,3.215240902,44.513,-86.26,18,2015,7/9/2015,Summer,Night,4.65,4.333333333,4.966666667,346.9220113,272.9689886,420.8750341
MYSDILU,U15071FON,CSMI2015,Michigan,FraOff,2,159.1545709,142.6024955,175.7066463,287.1261143,269.7227887,304.5294398,44.495,-86.347,110,2015,7/9/2015,Summer,Night,7.329516046,7.301785714,7.357246377,1812.30039,1733.169725,1891.431056
MYSDILU,U15071JMN,CSMI2015,Michigan,JosMid,2,57.29564553,57.29564553,57.29564553,202.0786002,176.575953,227.5812474,42.216,-86.64,46,2015,7/16/2015,Summer,Night,9.426666667,8.753333333,10.1,3526.945169,3081.838967,3972.051372
MYSDILU,U15071JON,CSMI2015,Michigan,JosOff,2,121.5940922,117.1377642,126.0504202,226.8826816,220.4891399,233.2762234,42.2665,-86.7995,110,2015,7/18/2015,Summer,Night,7.069389548,6.847474747,7.291304348,1870.34141,1749.213843,1991.468977
MYSDILU,U15071LMN,CSMI2015,Michigan,LudMid,2,17.18869366,16.55207538,17.82531194,79.27559877,72.77789919,85.77329835,43.919,-86.583,46,2015,7/11/2015,Summer,Night,11.39587912,10.90714286,11.88461538,4604.393404,4396.904771,4811.882038
MYSDILU,U15071LNN,CSMI2015,Michigan,LudNsh,2,20.37178508,3.819709702,36.92386045,12.97542721,4.088756215,21.8620982,43.929,-86.504,18,2015,7/10/2015,Summer,Night,5.835057471,5.303448276,6.366666667,831.2611527,592.0859284,1070.436377
MYSDILU,U15071LON,CSMI2015,Michigan,LudOff,2,148.9686784,140.0560224,157.8813344,274.9683161,225.6033698,324.3332623,43.917,-86.672,110,2015,7/11/2015,Summer,Night,7.470249267,7.237272727,7.703225806,1832.546547,1610.808061,2054.285034
MYSDILU,U15071MMN,CSMI2015,Michigan,ManMid,2,92.94626942,78.94066718,106.9518717,288.6101609,265.8106103,311.4097115,44.1125,-87.4695,46,2015,7/24/2015,Summer,Night,9.359024578,9.230952381,9.487096774,3139.450509,2911.680802,3367.220215
MYSDILU,U15071MNN,CSMI2015,Michigan,ManNsh,1,1.273236567,1.273236567,1.273236567,0.296042506,0.296042506,0.296042506,44.074,-87.581,18,2015,7/25/2015,Summer,Night,4.2,4.2,4.2,232.5117843,232.5117843,232.5117843
MYSDILU,U15071MON,CSMI2015,Michigan,ManOff,2,138.7827858,137.5095493,140.0560224,282.5996986,260.0040293,305.1953679,44.0905,-87.3245,110,2015,7/23/2015,Summer,Night,7.711582492,7.624074074,7.799090909,2034.951003,1890.80708,2179.094927
MYSDILU,U15071RMN,CSMI2015,Michigan,RacMid,2,127.3236567,127.3236567,127.3236567,404.9270526,371.0398275,438.8142776,42.6425,-87.633,46,2015,7/21/2015,Summer,Night,9.3805,8.912,9.849,3180.297071,2914.146806,3446.447336
MYSDILU,U15071RNN,CSMI2015,Michigan,RacNsh,2,1.273236567,1.273236567,1.273236567,0.379574597,0.357152784,0.401996411,42.722,-87.6945,18,2015,7/22/2015,Summer,Night,4.6,4.5,4.7,298.1178888,280.5077964,315.7279811
MYSDILU,U15071RON,CSMI2015,Michigan,RacOff,2,133.0532213,132.416603,133.6898396,308.0907315,305.3165011,310.8649619,42.659,-87.508,91,2015,7/22/2015,Summer,Night,7.948209707,7.872380952,8.024038462,2315.697854,2283.767428,2347.628279
MYSDILU,U15071SMN,CSMI2015,Michigan,SauMid,2,41.38018844,39.47033359,43.29004329,117.2737589,106.6761538,127.871364,42.6935,-86.318,46,2015,7/13/2015,Summer,Night,8.464895636,8.170967742,8.758823529,2828.260241,2702.691973,2953.828508
MYSDILU,U15071SNN,CSMI2015,Michigan,SauNsh,1,1.273236567,1.273236567,1.273236567,0.425688745,0.425688745,0.425688745,42.692,-86.253,18,2015,7/12/2015,Summer,Night,4.8,4.8,4.8,334.3359403,334.3359403,334.3359403
MYSDILU,U15071SON,CSMI2015,Michigan,SauOff,2,127.3236567,127.3236567,127.3236567,193.7375883,185.9126907,201.5624859,42.7075,-86.7065,110,2015,7/15/2015,Summer,Night,6.6205,6.528,6.713,1521.615018,1460.158273,1583.071764
MYSDILU,U15071WMN,CSMI2015,Michigan,WauMid,2,115.8645276,113.3180545,118.4110008,430.035391,364.5967051,495.4740769,42.4485,-87.6805,46,2015,7/20/2015,Summer,Night,10.11953002,9.483146067,10.75591398,3700.911001,3217.463508,4184.358494
MYSDILU,U15071WON,CSMI2015,Michigan,WauOff,2,156.6080978,152.7883881,160.4278075,332.4505944,330.5685453,334.3326435,42.458,-87.5015,91,2015,7/20/2015,Summer,Night,7.575873016,7.486666667,7.665079365,2124.375542,2060.543933,2188.207152
MYSDILU,U15081O01N,CSMI2015,Michigan,Off001,1,129.8701299,129.8701299,129.8701299,367.8004049,367.8004049,367.8004049,44.84166667,-86.53666667,215.2,2015,8/12/2015,Summer,Night,9.15,9.15,9.15,2832.063117,2832.063117,2832.063117
MYSDILU,U15081O02N,CSMI2015,Michigan,Off002,1,128.5968933,128.5968933,128.5968933,404.120219,404.120219,404.120219,44.17166667,-86.74666667,166.4,2015,8/14/2015,Summer,Night,9.97029703,9.97029703,9.97029703,3142.534851,3142.534851,3142.534851
MYSDILU,U15081O03N,CSMI2015,Michigan,Off003,1,128.5968933,128.5968933,128.5968933,383.5399714,383.5399714,383.5399714,43.92333333,-86.97166667,155.4,2015,8/15/2015,Summer,Night,9.365346535,9.365346535,9.365346535,2982.497956,2982.497956,2982.497956
MYSDILU,U15081O04N,CSMI2015,Michigan,Off004,1,137.5095493,137.5095493,137.5095493,369.6778483,369.6778483,369.6778483,43.535,-87.37166667,148.7,2015,8/16/2015,Summer,Night,8.676851852,8.676851852,8.676851852,2688.379464,2688.379464,2688.379464
MYSDILU,U15081O05N,CSMI2015,Michigan,Off005,1,132.416603,132.416603,132.416603,342.1920018,342.1920018,342.1920018,43.17333333,-87.15,87.5,2015,8/17/2015,Summer,Night,8.689423077,8.689423077,8.689423077,2584.207675,2584.207675,2584.207675
MYSDILU,U15081O06N,CSMI2015,Michigan,Off006,1,128.5968933,128.5968933,128.5968933,386.8681408,386.8681408,386.8681408,42.82,-86.905,155.1,2015,8/18/2015,Summer,Night,9.505940594,9.505940594,9.505940594,3008.378592,3008.378592,3008.378592
MYSDILU,U15081O07N,CSMI2015,Michigan,Off007,1,106.9518717,106.9518717,106.9518717,278.1321125,278.1321125,278.1321125,42.81666667,-87.48666667,95.7,2015,8/21/2015,Summer,Night,8.71547619,8.71547619,8.71547619,2600.535252,2600.535252,2600.535252
MYSDILU,U15081O08N,CSMI2015,Michigan,Off008,1,33.10415075,33.10415075,33.10415075,29.59070775,29.59070775,29.59070775,42.63166667,-87.695,32.6,2015,8/22/2015,Summer,Night,5.553846154,5.553846154,5.553846154,893.866995,893.866995,893.866995
MYSDILU,U15081O09N,CSMI2015,Michigan,Off009,1,131.1433664,131.1433664,131.1433664,294.9298901,294.9298901,294.9298901,43.50833333,-87.62333333,122,2015,8/23/2015,Summer,Night,8.293203883,8.293203883,8.293203883,2248.911997,2248.911997,2248.911997
MYSDILU,U15081O10N,CSMI2015,Michigan,Off010,1,127.3236567,127.3236567,127.3236567,310.5194944,310.5194944,310.5194944,44.385,-87.35166667,111.9,2015,8/24/2015,Summer,Night,8.826,8.826,8.826,2438.820109,2438.820109,2438.820109
MYSDILU,U15081O11N,CSMI2015,Michigan,Off011,1,129.8701299,129.8701299,129.8701299,354.425522,354.425522,354.425522,44.66333333,-86.9,232,2015,8/25/2015,Summer,Night,9.119607843,9.119607843,9.119607843,2729.07652,2729.07652,2729.07652
MYSDILU,U15081O12N,CSMI2015,Michigan,Off012,1,126.0504202,126.0504202,126.0504202,496.2522926,496.2522926,496.2522926,44.79833333,-87.06833333,110.2,2015,8/25/2015,Summer,Night,10.80808081,10.80808081,10.80808081,3936.934855,3936.934855,3936.934855
MYSDILU,U15101BMN,CSMI2015,Michigan,BayMid,2,18.46193023,16.55207538,20.37178508,38.77952793,33.76336239,43.79569348,44.7045,-87.2565,46,2015,10/17/2015,Fall,Night,8.933173077,8.753846154,9.1125,2094.823814,2039.826525,2149.821104
MYSDILU,U15101BON,CSMI2015,Michigan,BayOff,2,127.960275,127.3236567,128.5968933,528.539399,511.5947273,545.4840707,44.6945,-87.151,110,2015,10/17/2015,Fall,Night,11.11525743,10.84851485,11.382,4131.257029,3978.282167,4284.231891
MYSDILU,U15101MMN,CSMI2015,Michigan,ManMid,2,7.639419404,6.366182837,8.912655971,14.58030292,8.557642151,20.6029637,44.111,-87.456,46,2015,10/22/2015,Fall,Night,8.422857143,7.66,9.185714286,1827.943478,1344.234429,2311.652527
MYSDILU,U15101MNN,CSMI2015,Michigan,ManNsh,1,5.092946269,5.092946269,5.092946269,6.286055878,6.286055878,6.286055878,44.0735,-87.581,18,2015,10/18/2015,Fall,Night,7.725,7.725,7.725,1234.267072,1234.267072,1234.267072
MYSDILU,U15101RMN,CSMI2015,Michigan,RacMid,2,1.909854851,1.273236567,2.546473135,1.339821125,0.971512853,1.708129396,42.6495,-87.6355,46,2015,10/25/2015,Fall,Night,6.45,4.9,8,861.5389625,381.5130974,1341.564828
MYSDILU,U15101SMN,CSMI2015,Michigan,SauMid,2,19.09854851,17.82531194,20.37178508,80.3773086,76.51801079,84.23660641,42.6995,-86.316,46,2015,10/30/2015,Fall,Night,11.80401786,11.69375,11.91428571,4213.812411,4134.964417,4292.660405
MYSDILU,U15101WMN,CSMI2015,Michigan,WauMid,2,5.729564553,3.819709702,7.639419404,11.52929072,3.201101492,19.85747994,42.447,-87.6825,46,2015,10/26/2015,Fall,Night,7.883333333,6.033333333,9.733333333,1718.696248,838.0483707,2599.344125
MYSDILU,U15111FMN,CSMI2015,Michigan,FraMid,3,5.092946269,3.819709702,6.366182837,12.60869022,10.0227302,16.4804298,44.495,-86.301,46,2015,11/2/2015,Fall,Night,9.602777778,9.175,9.9,2478.650062,2223.253505,2623.950767
MYSDILU,U15111FON,CSMI2015,Michigan,FraOff,2,14.00560224,8.912655971,19.09854851,26.20761537,20.91885079,31.49637996,44.5045,-86.332,110,2015,11/3/2015,Fall,Night,8.483333333,7.566666667,9.4,1998.122757,1649.150454,2347.095059
MYSDILU,U15111LMN,CSMI2015,Michigan,LudMid,2,8.912655971,7.639419404,10.18589254,18.13450648,8.059726973,28.20928599,43.9285,-86.59,46,2015,11/1/2015,Fall,Night,8.285416667,6.933333333,9.6375,1912.232456,1055.018261,2769.446652
